{
  "creds": {
    "noiseKey": {
      "private": {
        "type": "Buffer",
        "data": "gF3ZwqaqrWXoRZLCAXs+6u2yDOvisiz2iyoW5VoFaUE="
      },
      "public": {
        "type": "Buffer",
        "data": "vuvgU7IlEqudx5rTftZ+Z7WqhbjIxKpuREc8IIj8shY="
      }
    },
    "signedIdentityKey": {
      "private": {
        "type": "Buffer",
        "data": "GG+bEqWKob6v3JNc4rgOMoTdTbzrIY3fl3SYwm9kTW4="
      },
      "public": {
        "type": "Buffer",
        "data": "HHqr7erhBF154UylDshsoQokLSaz5uBgt8M5k+RQVi8="
      }
    },
    "signedPreKey": {
      "keyPair": {
        "private": {
          "type": "Buffer",
          "data": "wOy7tT5tZ9PgMFETK5GhmPihFxeYNbSa7B+Ob8nIJ1E="
        },
        "public": {
          "type": "Buffer",
          "data": "Bf2tDQ2z6XO3SlCPTc9StEPiQ9cFQUcN2WK+dMWU3xQ="
        }
      },
      "signature": {
        "type": "Buffer",
        "data": "b7lKiYc2JDwvlztYGXGqZhrG0C+w1jBJumFZUEa8eszQdN7r2WHkZ11l7bQLpxauyLV62oGMfrzbissUgF1zDA=="
      },
      "keyId": 1
    },
    "registrationId": 190,
    "advSecretKey": "o4gQbmi00RhN/yiT3wwELTdeFkUKQ6JBRPINP6ToYqU=",
    "processedHistoryMessages": [
      {
        "key": {
          "remoteJid": "62858425054589@s.whatsapp.net",
          "fromMe": true,
          "id": "71687747DF082EDAB941646E3A63E1E1"
        },
        "messageTimestamp": 1662274116
      },
      {
        "key": {
          "remoteJid": "62858425054589@s.whatsapp.net",
          "fromMe": true,
          "id": "73DE7A56CC2A22BC4A9F410CBF25680B"
        },
        "messageTimestamp": 1662274116
      },
      {
        "key": {
          "remoteJid": "62858425054589@s.whatsapp.net",
          "fromMe": true,
          "id": "4848D9FA2C7EC4B560CB1CDECB311902"
        },
        "messageTimestamp": 1662274245
      }
    ],
    "nextPreKeyId": 31,
    "firstUnuploadedPreKeyId": 31,
    "accountSettings": {
      "unarchiveChats": false
    },
    "account": {
      "details": "CN7Dg2wQv5TRmAYYAQ==",
      "accountSignatureKey": "9zbabPVPx54hJYfEoKqktyX2ssttcj2R+h3sUOBb2Eo=",
      "accountSignature": "dNdkXAc0fhkz+bfhnpKb4YkJBNRF+0EWJaSCe+1iPHa7R2rjFnfjCYyGvPqkbptUu5cVf0zDaXJN5SgZe8XkAA==",
      "deviceSignature": "zOJN3pZQGaBZhS+8f49W+kL80AiTzyx8hNUSkVO2Dy+rEFgUycnCVrrMyMIHxb8qhsDGNhPZRy3Yun5MjxxDDw=="
    },
    "me": {
      "id": "62858425054589:1@s.whatsapp.net",
      "name": "Vanessa"
    },
    "signalIdentities": [
      {
        "identifier": {
          "name": "62858425054589:1@s.whatsapp.net",
          "deviceId": 0
        },
        "identifierKey": {
          "type": "Buffer",
          "data": "Bfc22mz1T8eeISWHxKCqpLcl9rLLbXI9kfod7FDgW9hK"
        }
      }
    ],
    "platform": "smba",
    "lastAccountSyncTimestamp": 1662274253,
    "myAppStateKeyId": "AAAAADe0"
  },
  "keys": {
    "preKeys": {
      "1": {
        "private": {
          "type": "Buffer",
          "data": "qIQpFy29gQGbBXjamL2c8SWjtCum2SaK0TTb3f5/UGM="
        },
        "public": {
          "type": "Buffer",
          "data": "FJth3zr2Ka0k7AeynFr9kX97dDdV4DA9n5VnFEUUZmc="
        }
      },
      "2": {
        "private": {
          "type": "Buffer",
          "data": "GLiDB89zeqVzlSrnT6ggoqHswZNQRHyp7mZ+hD/ytkQ="
        },
        "public": {
          "type": "Buffer",
          "data": "phIpdpu7DOe+OyLbkix+ANtinPKTrbjoocMSNB4zJF4="
        }
      },
      "3": {
        "private": {
          "type": "Buffer",
          "data": "QJ5BZJxEn0LS9ZpECku71nUKpFPukVHFfI3nh3hilmw="
        },
        "public": {
          "type": "Buffer",
          "data": "a2QI+qDP5+yCAmDUkK/JMsferfPWU3f7JzJ3H931Enw="
        }
      },
      "4": null,
      "5": {
        "private": {
          "type": "Buffer",
          "data": "GJ2ZC57jnljidI88lOcVBY8urPvI0xr14s+YnXeVHnc="
        },
        "public": {
          "type": "Buffer",
          "data": "r3aN6jZEFNTZbvjKL8k4ob8ISqjk5Z+1eJR2GRRm7BU="
        }
      },
      "6": {
        "private": {
          "type": "Buffer",
          "data": "kGazvu9v1uEWHcg7Z0Of/qW+LQPbDxjh0QkbjV9IUEA="
        },
        "public": {
          "type": "Buffer",
          "data": "0FZSy1/BiFZThspjzTTBIvTM5ccIAcCkzW9/+wCul0Q="
        }
      },
      "7": {
        "private": {
          "type": "Buffer",
          "data": "CNqogn7OVOYa7kLY1aYR3Fw31JWq2fNV/EdKUGt4IlU="
        },
        "public": {
          "type": "Buffer",
          "data": "dSgADHl+gMgnRJqr+YbUO/aHX5oSFz16YKkfvVidDmE="
        }
      },
      "8": {
        "private": {
          "type": "Buffer",
          "data": "iLXU4UELY2BHwgw4f5CcF+K1TZ6gIG3p1h5O19VNZ0g="
        },
        "public": {
          "type": "Buffer",
          "data": "i9fAntRHdMy0Syd/nPxm6ovfog9Z54iDjIrlnEWU9RY="
        }
      },
      "9": {
        "private": {
          "type": "Buffer",
          "data": "yFBwDOL2zmpOtJK5zTsmpnMo6rr4XX1ZPnEV7W8uA1U="
        },
        "public": {
          "type": "Buffer",
          "data": "6sSUFjBK1avxrNx07nVF8duIWGf2l061jLfHxAOIOU4="
        }
      },
      "10": {
        "private": {
          "type": "Buffer",
          "data": "OM3qMBr4OkdSnlZYKVWHuK6s0h5b1RlZ0xWanRTeE0Y="
        },
        "public": {
          "type": "Buffer",
          "data": "IL5b3Lk9EhhkaouwnX8xn7ZS//oecECDluTLO2eGaUI="
        }
      },
      "11": {
        "private": {
          "type": "Buffer",
          "data": "IHoemZ8KN0WDqm+DdMDCaiYpTkpx2ca8sEzSr93ix3c="
        },
        "public": {
          "type": "Buffer",
          "data": "VAbCsPkMAUIs5Cpi5QvvSg3W5fUkEKz5IABANNWbUgk="
        }
      },
      "12": {
        "private": {
          "type": "Buffer",
          "data": "UOxmMd5iFPZ0hIU+uvrfiUE5+M+iMEHf1vtvZH1jgH4="
        },
        "public": {
          "type": "Buffer",
          "data": "brao3KHM69ls7/Sze4xKTkhuNOf21HmNBkJMpwjUE3k="
        }
      },
      "13": {
        "private": {
          "type": "Buffer",
          "data": "KDaixGy+tM9r8aN/pkyf7K3pgvCqkptqp9JjsIlURGU="
        },
        "public": {
          "type": "Buffer",
          "data": "ayFja2b8bTID6TXdNTuqQZvrqt/40KMWklYilpDlmVA="
        }
      },
      "14": {
        "private": {
          "type": "Buffer",
          "data": "yB/JSjwmHWP1aeGIGKbwj55fPRr6xz4j2b4nKV9Uw28="
        },
        "public": {
          "type": "Buffer",
          "data": "eyoxCZJ2zj8F+hWh5ZyrLoqB5uKytsQb+vpXTsgLIWk="
        }
      },
      "15": {
        "private": {
          "type": "Buffer",
          "data": "4JeS4by2U4tSjniJz0Dw5Y+3JpLYnNrWn2zx5aKw8XI="
        },
        "public": {
          "type": "Buffer",
          "data": "mW0CITZURlufN0SHm+Sy9h0ZbWHFM5XDZkdfxCl1Sjc="
        }
      },
      "16": {
        "private": {
          "type": "Buffer",
          "data": "EOmvFq9TXaDmPBwyyO/2rXQLh/JCY5L36LEY8oX7SUg="
        },
        "public": {
          "type": "Buffer",
          "data": "wo18QT0Nh1bdIgrW+CbvdAguI0sWg7p1t3LK0p9YeXE="
        }
      },
      "17": null,
      "18": {
        "private": {
          "type": "Buffer",
          "data": "aBQHql03VPTX9WJ7p+9IMNeAD5+0ehfbdvOJPbnYoE4="
        },
        "public": {
          "type": "Buffer",
          "data": "M6hhHj9vTTvpmXwNsp5+XFOqe/ix3JrzXLIGCkL6ZBg="
        }
      },
      "19": {
        "private": {
          "type": "Buffer",
          "data": "2GX2ebmc+89bwOJic6B/XUJdtC07AgC4y7tbe/hwvm0="
        },
        "public": {
          "type": "Buffer",
          "data": "Qc0YO3RrqPFVmP+JYaUU7XJyHabyCbwfdvstVzx7wT8="
        }
      },
      "20": null,
      "21": {
        "private": {
          "type": "Buffer",
          "data": "cNmJaa3/hEhWFhrmVHog1RmQLM5lUC/HZYtyHU+Xx1Q="
        },
        "public": {
          "type": "Buffer",
          "data": "CondjzsvPmDHhXoTF/wFgIhr0qskFXpAKxVYHWiBTDw="
        }
      },
      "22": {
        "private": {
          "type": "Buffer",
          "data": "CCUgVEs7wnDWc58hRjk8v+VC9fgomQqRqnguKPab23c="
        },
        "public": {
          "type": "Buffer",
          "data": "xndHQold9LhQeIpgs/U1QX5wt9cw5shCsTXQ9LBeBzY="
        }
      },
      "23": {
        "private": {
          "type": "Buffer",
          "data": "YLCTkbyjYDNu9WVg/i4etxZ3H/Tn+SNpHmSHm/GQgFA="
        },
        "public": {
          "type": "Buffer",
          "data": "/W+F8n1Eyqg8UmmbeOFY5QwhEG3Hy4hLPQKT+GIc3SY="
        }
      },
      "24": {
        "private": {
          "type": "Buffer",
          "data": "gMv0nKG3w7smH+w3FXi2AkJRDYAafIpz1ud9rvBoD0c="
        },
        "public": {
          "type": "Buffer",
          "data": "lRW19TAO67ydePyguwBCwmhU51xad8aGdXLKH1gOBDM="
        }
      },
      "25": {
        "private": {
          "type": "Buffer",
          "data": "qMkqbmnR9qqVq5PvRCnzlrAmQ/mpwAscyKjlCUNb63E="
        },
        "public": {
          "type": "Buffer",
          "data": "jV8NFILKYBNFMhMpzoIhKkcj8fiN9wOv82XOZMn9Dgw="
        }
      },
      "26": {
        "private": {
          "type": "Buffer",
          "data": "8FuYxSTg9XeUiMiwXT9YsljFkU3jD22KyEFc4+UUImk="
        },
        "public": {
          "type": "Buffer",
          "data": "xRPb6zA+rOnsjcZLhdT/lmnYUIjYxy5Xa6Pr6rrq6xs="
        }
      },
      "27": {
        "private": {
          "type": "Buffer",
          "data": "SJYe4PYmQ8R+EFH2FapG9r+epCae4trYySHvvg5QsmY="
        },
        "public": {
          "type": "Buffer",
          "data": "psUwK9BdNdz0xYrKj16AGtelM0M5UWAwJCKygCB+j2I="
        }
      },
      "28": {
        "private": {
          "type": "Buffer",
          "data": "4AIO7NBObVz/hAOqchvFHnaPvx5AK565vQ7RSGFKAEQ="
        },
        "public": {
          "type": "Buffer",
          "data": "/2I24XyPqrqMQrK00jzu/pjdo/6GZQPfIFZeE3f6JU0="
        }
      },
      "29": {
        "private": {
          "type": "Buffer",
          "data": "cD4J1XZrlnqmSBfk3AzW/zBoWalu/OTKyDFI+6716nA="
        },
        "public": {
          "type": "Buffer",
          "data": "O6+mTZQBGOM4lTgtDI6ySqFk4niE8scUNyD9Bky5wA0="
        }
      },
      "30": {
        "private": {
          "type": "Buffer",
          "data": "mGX9wlUmN0JNyL7kmToCa/+FY4um0xBBHgR71BFZb3k="
        },
        "public": {
          "type": "Buffer",
          "data": "+Q6UC2Nh8xNCpyFtlxhRCq2VG05Oe8D/dUdu8KqwN1c="
        }
      }
    },
    "sessions": {
      "62858425054589.0": {
        "_sessions": {
          "BbblS9odOc7N4AW4tgYyWlYsuTBYISj/WcwT1hRXMVRr": {
            "registrationId": 532762587,
            "currentRatchet": {
              "ephemeralKeyPair": {
                "pubKey": "BTjd8flluKQKEyXds37ZCc/J8M1owswuDuUuFfOVgx0t",
                "privKey": "iONZv4/7tLa3tU1RElZ4n+3qLlFjTFWexojwf6nlGHo="
              },
              "lastRemoteEphemeralKey": "BY6SStZcr0yqKaShwqJbLbRYo7Rpd3KQHD+xYVfKxgBK",
              "previousCounter": 0,
              "rootKey": "EhevSiu51qxcVVXJUvxQCeIZsft+JEumeciFeLfJOI8="
            },
            "indexInfo": {
              "baseKey": "BbblS9odOc7N4AW4tgYyWlYsuTBYISj/WcwT1hRXMVRr",
              "baseKeyType": 2,
              "closed": -1,
              "used": 1662274116317,
              "created": 1662274116317,
              "remoteIdentityKey": "Bfc22mz1T8eeISWHxKCqpLcl9rLLbXI9kfod7FDgW9hK"
            },
            "_chains": {
              "BY6SStZcr0yqKaShwqJbLbRYo7Rpd3KQHD+xYVfKxgBK": {
                "chainKey": {
                  "counter": 5,
                  "key": "FjWslc4fX1CQ2/TwO1eqrugQuTl4/QWdT67yl6f/YHU="
                },
                "chainType": 2,
                "messageKeys": {}
              },
              "BTjd8flluKQKEyXds37ZCc/J8M1owswuDuUuFfOVgx0t": {
                "chainKey": {
                  "counter": 1,
                  "key": "xJnHpHuCouKdqDWo+XkqwpYArMly49dk3/eIYs/KmHU="
                },
                "chainType": 1,
                "messageKeys": {}
              }
            }
          }
        },
        "version": "v1"
      },
      "6287889347327.0": {
        "_sessions": {
          "BcN6KfSmj/ls1L+2u/04rOJS1zRwQilMd7OHovXNVLQe": {
            "registrationId": 1759448706,
            "currentRatchet": {
              "ephemeralKeyPair": {
                "pubKey": "BYMHRaL84QBZTuBQxEHLUvyrLAj0+ZoYzcC77zrtte8b",
                "privKey": "mPsa9w0bGh6Nhqtc++SypeBEkoLV86MjVQRuD6X0n1w="
              },
              "lastRemoteEphemeralKey": "BcbC3E3zlcdqLWqWIKVR/uUk/PDRzbvGqTeZo9CzBhE8",
              "previousCounter": 0,
              "rootKey": "WDsBDCjFsel034bnbMHncvGZ1IyqVciU9RkMu+MW9CQ="
            },
            "indexInfo": {
              "baseKey": "BcN6KfSmj/ls1L+2u/04rOJS1zRwQilMd7OHovXNVLQe",
              "baseKeyType": 2,
              "closed": -1,
              "used": 1662277491442,
              "created": 1662274299247,
              "remoteIdentityKey": "BTMob2AAe9z+hnjiqJG5S5vdP2BNdSDnQGFdE2vQfmpy"
            },
            "_chains": {
              "Bd0s3T9FM9udngG6iy0x9Gm1WTiHe9NMaf/tLBtBvKIa": {
                "chainKey": {
                  "counter": 0
                },
                "chainType": 2,
                "messageKeys": {}
              },
              "BcbC3E3zlcdqLWqWIKVR/uUk/PDRzbvGqTeZo9CzBhE8": {
                "chainKey": {
                  "counter": 0,
                  "key": "J83LErKO7Ib6CpD3mlFPd1OXjDmnnJIpGe37Usyfgkw="
                },
                "chainType": 2,
                "messageKeys": {}
              },
              "BYMHRaL84QBZTuBQxEHLUvyrLAj0+ZoYzcC77zrtte8b": {
                "chainKey": {
                  "counter": -1,
                  "key": "eE47VgGaPDQJ7NfwPOJQH2j4y8lDb9I0gYHJz7xgAj8="
                },
                "chainType": 1,
                "messageKeys": {}
              }
            }
          }
        },
        "version": "v1"
      },
      "15078091224:1.0": {
        "_sessions": {
          "Ba+/6JEMxzI9XXZG8vORKi3w+7pFZT49SgeKZvdKvJI/": {
            "registrationId": 96,
            "currentRatchet": {
              "ephemeralKeyPair": {
                "pubKey": "BUlDXoqxTWUfGGSlHTg14C02nr/cc6s+TsHi2hVrHaIv",
                "privKey": "0K8GuRIb2cH4HEFZ8IICa/VzzybLpeX84lvgNexDQHI="
              },
              "lastRemoteEphemeralKey": "BSVA4v5XE/GK8WU8DLTnmUsotURXh6QaWrXfJmCAu6Bb",
              "previousCounter": 0,
              "rootKey": "OzVtDGx0rlyViF9kpa4auwrsAYBU1UV/9k2OSYP4p1w="
            },
            "indexInfo": {
              "baseKey": "Ba+/6JEMxzI9XXZG8vORKi3w+7pFZT49SgeKZvdKvJI/",
              "baseKeyType": 1,
              "closed": -1,
              "used": 1662274303863,
              "created": 1662274303863,
              "remoteIdentityKey": "BXhBTqewac0bDm8CI66k0hZWzIF1cFTzuAn0Ldi4W9MT"
            },
            "_chains": {
              "BUlDXoqxTWUfGGSlHTg14C02nr/cc6s+TsHi2hVrHaIv": {
                "chainKey": {
                  "counter": 0,
                  "key": "9DsjTVimaKzPVaIl1ibLP5aS+lhVKOOUS4dlZSQCEXM="
                },
                "chainType": 1,
                "messageKeys": {}
              }
            },
            "pendingPreKey": {
              "signedKeyId": 1,
              "baseKey": "Ba+/6JEMxzI9XXZG8vORKi3w+7pFZT49SgeKZvdKvJI/",
              "preKeyId": 47
            }
          }
        },
        "version": "v1"
      },
      "15078091224.0": {
        "_sessions": {
          "BbMs2N+SPjep0ClhvY8zEDDY8EE7tmwlipdWPp4Rt+I6": {
            "registrationId": 1468279247,
            "currentRatchet": {
              "ephemeralKeyPair": {
                "pubKey": "BRaZzWLDp5e2D2HdZsRQsv+BKrowhWY01cJKETE5LoAd",
                "privKey": "yC2DlfYPBVyZkKrF3Kkr0TIlSTreA9LVIlrksqicEHY="
              },
              "lastRemoteEphemeralKey": "BSvYm0hxjOAWCzX5YFojyJC2b9ddn8CKAVu5faZMjRRf",
              "previousCounter": 0,
              "rootKey": "7JqwNQXWEnuppEop8KI2VTqw9xJ9pzKZDKoTIez/LEo="
            },
            "indexInfo": {
              "baseKey": "BbMs2N+SPjep0ClhvY8zEDDY8EE7tmwlipdWPp4Rt+I6",
              "baseKeyType": 1,
              "closed": -1,
              "used": 1662274303882,
              "created": 1662274303882,
              "remoteIdentityKey": "Bfcxq6nqc3XDDFxk9Woi0UaaAWEIlTFju10WuqkW2ZFp"
            },
            "_chains": {
              "BRaZzWLDp5e2D2HdZsRQsv+BKrowhWY01cJKETE5LoAd": {
                "chainKey": {
                  "counter": 0,
                  "key": "OrvbJB3lDNjtXSw2vBE27qiRudMcykYCKtbNT5jlwqk="
                },
                "chainType": 1,
                "messageKeys": {}
              }
            },
            "pendingPreKey": {
              "signedKeyId": 1,
              "baseKey": "BbMs2N+SPjep0ClhvY8zEDDY8EE7tmwlipdWPp4Rt+I6",
              "preKeyId": 14887382
            }
          }
        },
        "version": "v1"
      },
      "6283844592555.0": {
        "_sessions": {
          "BdB7Gq3QYipT8vRhCd3voCj3irRXYIPhmlAJRDMmJGQu": {
            "registrationId": 522810145,
            "currentRatchet": {
              "ephemeralKeyPair": {
                "pubKey": "BcA++cNQf3cVZe7QCMhldj1w+n25xc3ToGzfO7PK9ERc",
                "privKey": "oBkK6arDShLSEefc2UCTXzSTkDwIKZKH9Ln6aSmu4Eo="
              },
              "lastRemoteEphemeralKey": "Bdj9f7z/mDOJUBPTGK2Zraw/ky/9f47IvAVEIuxJx9dp",
              "previousCounter": 0,
              "rootKey": "Ysc1GsykgpxBn9cqMRzRLGL1iZfb1mFPyortXS5gpa0="
            },
            "indexInfo": {
              "baseKey": "BdB7Gq3QYipT8vRhCd3voCj3irRXYIPhmlAJRDMmJGQu",
              "baseKeyType": 1,
              "closed": -1,
              "used": 1662274303899,
              "created": 1662274303899,
              "remoteIdentityKey": "BVRW4tJv6u607E5WlvP/okYiP5KHtZP7CuUNfZ3SJLUE"
            },
            "_chains": {
              "BcA++cNQf3cVZe7QCMhldj1w+n25xc3ToGzfO7PK9ERc": {
                "chainKey": {
                  "counter": 0,
                  "key": "Jxbcy0x3UdOvm62xIuoz/o2RUPGtVUGK1AhisxzmDIo="
                },
                "chainType": 1,
                "messageKeys": {}
              }
            },
            "pendingPreKey": {
              "signedKeyId": 2,
              "baseKey": "BdB7Gq3QYipT8vRhCd3voCj3irRXYIPhmlAJRDMmJGQu",
              "preKeyId": 9859486
            }
          }
        },
        "version": "v1"
      },
      "62882008284492.0": {
        "_sessions": {
          "Bcm2TpHLkHCZUE/5bq8OImxLMSxXqgQZ+Nx6ksGmrpFZ": {
            "registrationId": 1114826693,
            "currentRatchet": {
              "ephemeralKeyPair": {
                "pubKey": "BZEtxvnzjjzl3H77+WobBTjmZlYgs38dfmqiuEaSCKkm",
                "privKey": "EISNLHe72lXa09LC35vBdrCmtyUwiO1TspFNCunSGVY="
              },
              "lastRemoteEphemeralKey": "BSrxbXnZpMUsgPKHh2f+YMJTYN9XRUiuM1Djl+M/ts4m",
              "previousCounter": 0,
              "rootKey": "yOHa3Sp01fE/Ugh3i6cKkj//pVSMigAXxfBBbnlp3N4="
            },
            "indexInfo": {
              "baseKey": "Bcm2TpHLkHCZUE/5bq8OImxLMSxXqgQZ+Nx6ksGmrpFZ",
              "baseKeyType": 1,
              "closed": -1,
              "used": 1662274303915,
              "created": 1662274303915,
              "remoteIdentityKey": "Bf4JxKxfQVPP64f2uGFHPKSMmxTZRURrlJQoUVsaWbgS"
            },
            "_chains": {
              "BZEtxvnzjjzl3H77+WobBTjmZlYgs38dfmqiuEaSCKkm": {
                "chainKey": {
                  "counter": 0,
                  "key": "lXKpcGFj8X8klHzY35aFXjMMeLuznneH3Ye0Dj0yfmg="
                },
                "chainType": 1,
                "messageKeys": {}
              }
            },
            "pendingPreKey": {
              "signedKeyId": 0,
              "baseKey": "Bcm2TpHLkHCZUE/5bq8OImxLMSxXqgQZ+Nx6ksGmrpFZ",
              "preKeyId": 12686638
            }
          }
        },
        "version": "v1"
      },
      "62895377304074.0": {
        "_sessions": {
          "BTQtQj4zVOA73KGJL5lBPOiC4bhNlTcdq0SWuI4ESfxr": {
            "registrationId": 425905816,
            "currentRatchet": {
              "ephemeralKeyPair": {
                "pubKey": "BWPxMVPki1xNSnlaN/sIPa7x5tA+3dSVZBmbYtDOd00S",
                "privKey": "6MV1bSc6b6IlinojPCB6Pyo0G8aQJybZbK7H+Yw0MkM="
              },
              "lastRemoteEphemeralKey": "BaZXCUsi3dd3HJ1PeCPX4rRVlXNiJHfEqsVIvp4lWhhw",
              "previousCounter": 0,
              "rootKey": "kBoNcrS7wEr+CXd1hpO99U+K+acsd+wkATWYGV6KkKs="
            },
            "indexInfo": {
              "baseKey": "BTQtQj4zVOA73KGJL5lBPOiC4bhNlTcdq0SWuI4ESfxr",
              "baseKeyType": 1,
              "closed": -1,
              "used": 1662274303931,
              "created": 1662274303931,
              "remoteIdentityKey": "BbMOKhCbKWU1W4HzCE+oaMSwMSW14b8ri2agspvvvD1w"
            },
            "_chains": {
              "BWPxMVPki1xNSnlaN/sIPa7x5tA+3dSVZBmbYtDOd00S": {
                "chainKey": {
                  "counter": 0,
                  "key": "wnCSsMBl9er1xUAwtJ+YbQauZyqF37sgDgMgonRh1Io="
                },
                "chainType": 1,
                "messageKeys": {}
              }
            },
            "pendingPreKey": {
              "signedKeyId": 3,
              "baseKey": "BTQtQj4zVOA73KGJL5lBPOiC4bhNlTcdq0SWuI4ESfxr",
              "preKeyId": 8216892
            }
          }
        },
        "version": "v1"
      },
      "6285797014041.0": {
        "_sessions": {
          "BbOr2EBg0PnsFwO3qdfZcmSMi+9hDPjpiPeMHuPJOjJQ": {
            "registrationId": 906119449,
            "currentRatchet": {
              "ephemeralKeyPair": {
                "pubKey": "BVN33e/eXWF8rv8CK/pBrFs4rnA+H6/D9VodQPYTaOJm",
                "privKey": "EGCxc0WO2mEoiJx5ds5Oq6krBwIfe152eVOI3zkxml0="
              },
              "lastRemoteEphemeralKey": "BZRbSJ3Yxn88mzObCJ/kwObakt3qIIo8wBfwyABH6HYj",
              "previousCounter": 0,
              "rootKey": "2if6tRChD/TgZ1eLJ+6lFgTgMMJuL8gTHQKK7ifzriI="
            },
            "indexInfo": {
              "baseKey": "BbOr2EBg0PnsFwO3qdfZcmSMi+9hDPjpiPeMHuPJOjJQ",
              "baseKeyType": 2,
              "closed": -1,
              "used": 1662277085819,
              "created": 1662277085819,
              "remoteIdentityKey": "BVNZEOv5ZdCLwZp4mX/w5rjWQP+N9pBD3T9G1AoylhJF"
            },
            "_chains": {
              "BZRbSJ3Yxn88mzObCJ/kwObakt3qIIo8wBfwyABH6HYj": {
                "chainKey": {
                  "counter": 0,
                  "key": "kHOQEyKVkYiD6KXNv7+Kqx7t1lJTxdZS1o0i0y7hdAg="
                },
                "chainType": 2,
                "messageKeys": {}
              },
              "BVN33e/eXWF8rv8CK/pBrFs4rnA+H6/D9VodQPYTaOJm": {
                "chainKey": {
                  "counter": -1,
                  "key": "uxAkWTqfTTLic/PkWsDgLNDIa5XjUz936lBXAf8X/gs="
                },
                "chainType": 1,
                "messageKeys": {}
              }
            }
          }
        },
        "version": "v1"
      },
      "62882003884081.0": {
        "_sessions": {
          "BRCamSt99JXMmu5Q5sJGnsVs8pWiO2SBCszXi9STd3RM": {
            "registrationId": 1863502440,
            "currentRatchet": {
              "ephemeralKeyPair": {
                "pubKey": "BU1b+fOXOC82+IxYWxMFWe6PULPNgLit0Rau+62yNuQM",
                "privKey": "iJH6MqKFzrt2gX1HvuEbRNG8VjQRd9cPs5WtXxaitVw="
              },
              "lastRemoteEphemeralKey": "Ba+nsA6kokFuGYk5Pqb2no5zaXqxo09zFvswAXKQsuoH",
              "previousCounter": 0,
              "rootKey": "v53CSJAMh77J/DxOwLk+/E/DfhJdJN6XGL1X+XbNmcI="
            },
            "indexInfo": {
              "baseKey": "BRCamSt99JXMmu5Q5sJGnsVs8pWiO2SBCszXi9STd3RM",
              "baseKeyType": 2,
              "closed": -1,
              "used": 1662277429221,
              "created": 1662277336805,
              "remoteIdentityKey": "BYqpIkvwUZ76/sXKoWxDlrz0Oba6Xr4gMTXDOSKtpTMi"
            },
            "_chains": {
              "Bcjyex8VP+FKT/NWTP6f1Y8ApmPQt2W+VYGjJb5TjdZ+": {
                "chainKey": {
                  "counter": 0
                },
                "chainType": 2,
                "messageKeys": {}
              },
              "Ba+nsA6kokFuGYk5Pqb2no5zaXqxo09zFvswAXKQsuoH": {
                "chainKey": {
                  "counter": 0,
                  "key": "taswLTXu9KYtx6g2OWtCyNil0ifkbuJ6DdsA6kTtdsk="
                },
                "chainType": 2,
                "messageKeys": {}
              },
              "BU1b+fOXOC82+IxYWxMFWe6PULPNgLit0Rau+62yNuQM": {
                "chainKey": {
                  "counter": -1,
                  "key": "H0ib421AUQ/y03L6ShPmzhiVa7EsDgzWyfURGCMy338="
                },
                "chainType": 1,
                "messageKeys": {}
              }
            }
          }
        },
        "version": "v1"
      }
    },
    "appStateSyncKeys": {
      "AAAAADe0": {
        "keyData": "fg8im/OzacfoqHIy/Xcnu8DO0u5eznXEumIojvMZRA8=",
        "fingerprint": {
          "rawId": 226550238,
          "currentIndex": 1,
          "deviceIndexes": [
            0,
            1
          ]
        },
        "timestamp": "1662274115673"
      }
    },
    "appStateVersions": {
      "critical_block": {
        "version": 1,
        "hash": {
          "type": "Buffer",
          "data": "6GrX3QO1cATYYlq8/U5oWulnYwqpcsIeyD2yWf8VOQrr7fcet0KWu3qjxnTJR8I84K0xbF2bwMsnTMKwcmHmkuoOds7K5TXbyWAUlxm8GYDhwIo0Mf241+5swOg2o1cN1kDecrICuA5BKVr91Va8qQSKTEWMt5bFxE8EyczGeCw="
        },
        "indexValueMap": {
          "WaLZ7Fx9GuepgMoOBtJrpl1hZK4qTZA9KN5yMQKVuGM=": {
            "valueMac": {
              "type": "Buffer",
              "data": "oJEg5JoiWVVZmWEYYwWdJbFpeXfIPfg9ogqFkTVf4gI="
            }
          },
          "PlkJ9AeF5RsBrzO4McAhPZ4WFy4x/zj22ZiVleS2JpE=": {
            "valueMac": {
              "type": "Buffer",
              "data": "8YfzGsDLNCp2l8mqpX8qOXnZQRRfp7ECPrATaKtfGNY="
            }
          }
        }
      },
      "regular": {
        "version": 1,
        "hash": {
          "type": "Buffer",
          "data": "/9qjNTLmC2i83AikchhPUaqhjE9FMP9yywdh7DTfquOIo1TlcVG84MyM9lBLM5l9YeHfTdN4VGIVDjAnTrB7sXX5WBU06DGP2TJkc2tb2sPC9QIzck1gKAYsjeXKr0FVdl3LADFK/XNqaKIxyndsheidNqjUMl5OW/BfFCu2tkc="
        },
        "indexValueMap": {
          "+C7r1Atq3A+Or3OlMSr9jMEpAYD6AqArOxt0NyjoKj4=": {
            "valueMac": {
              "type": "Buffer",
              "data": "Ab9/G5SRoLjdjD8yNJxBuvl8rp0tuQpwcoKphCNbXvA="
            }
          },
          "vJxI1UTN1ZXNNJHQ3Z6q9RHVFrykqKOQtatU31cMJLg=": {
            "valueMac": {
              "type": "Buffer",
              "data": "cmnHxntfGj2oJWf/oDFgo6IhUqtG9oOj6I3yQWMTNpM="
            }
          },
          "Z2arUDRgR+BaNmh2B04uPEeVqJGmad1tOyL/8qvTbOg=": {
            "valueMac": {
              "type": "Buffer",
              "data": "Cw3FvZZmnOC9Qc+3OShopLFLCuzUBJDlHljdqjWVuNA="
            }
          },
          "X0TsiVYQx3Bqx5LQnfuWZfuh28811gm7kiQMu5PP5FI=": {
            "valueMac": {
              "type": "Buffer",
              "data": "2Ajhab62PVjO5XzQTNMuv84/YTYm0Twr5bvVJ10UNyw="
            }
          },
          "VhpX7uzruYZjSfggSOYHNopMQyJRJEKaZskxTxZa/sg=": {
            "valueMac": {
              "type": "Buffer",
              "data": "4Ifp5KWubvhvrTUmwBW9djuYEdEtL2FhMO40TiVj6qM="
            }
          },
          "mKPPj3PRt5RE9c1KjDZH442SOK8YvfQ/5gLqcCqXIyY=": {
            "valueMac": {
              "type": "Buffer",
              "data": "4bObK42zPVpnUpeQVIFkOWoesNcC+SYdz2kJY+28XnI="
            }
          },
          "D/TaJQlBDA+dx5Nkug6HPwzy1Q02K1RYlzIRs8YYqM4=": {
            "valueMac": {
              "type": "Buffer",
              "data": "xFLPeL/K5XZla7cYUlJVYKIOFcCEdNN05/CwCR4g8Ms="
            }
          }
        }
      },
      "critical_unblock_low": {
        "version": 1,
        "hash": {
          "type": "Buffer",
          "data": "XL12BlniESXJI+YW+h8zgNpg9Q5t/dbcX0fyCjG6hsGJWK31iZGER6NuHPiSPBFc/El3DqCG1XTXWsbsL39aQqgMfLQ7MkRauD7x2r/rVkiCTCiDbSAz2ExuPBJ/gwKQO/4i7Vz4UqHY+Ri6N23HN14YfVV0BGeLKSZlQj+ym38="
        },
        "indexValueMap": {
          "qhJL3J9KQIIZ/O01gZ+AtSV32NhTCNlC0JRohJ9U7M8=": {
            "valueMac": {
              "type": "Buffer",
              "data": "H+Mxh/6SLaA6aeioOLp54YeN+H2cxZPNAw+/GHNxR5g="
            }
          },
          "gdseMbrFtH9pK7eYaA7wwDxuegVVLY2+r67+E6wj3tA=": {
            "valueMac": {
              "type": "Buffer",
              "data": "9KSkUsmXVgIH6yMeOGXOVfKvyE4XnVN2dtQILKp51tY="
            }
          },
          "a1gll/LRQsU+8WnYhV0tW0IQq7V8F8xbvb2+ZXpoYAs=": {
            "valueMac": {
              "type": "Buffer",
              "data": "xmLK4s1oQtFFowYQw8bX0CBr9qkNSLcRUGMAxnEtakQ="
            }
          },
          "OEAjuR59StSmsJWgIrJVTojJTgq/7wvrOQ/bv9SyX7Y=": {
            "valueMac": {
              "type": "Buffer",
              "data": "QbPKF8InpGpQnXPhJsKAnVmKaPJF0E8dzaER8FaslyU="
            }
          },
          "VcduIAT0qmjLtNzY/cv52IB/ATPfmmu7zakAh4atq7M=": {
            "valueMac": {
              "type": "Buffer",
              "data": "/YN+W5B9T8uoAAQDK2kH6omIGMNZojXKr+GrPHkuxpI="
            }
          },
          "nm6pbl9htIZn/kmdUxojLP1tWI3NzKL72DA0JUxFgG0=": {
            "valueMac": {
              "type": "Buffer",
              "data": "Rh/3NHI27PKehXExD9jP2aXfEbyYqth7DmdL5k40gt8="
            }
          },
          "PxMejKR5ZWAyBCPx/+TN3F7iG1VF1UtTMlUVmZQ5pd0=": {
            "valueMac": {
              "type": "Buffer",
              "data": "vXgml/ZMgUShbs8oVMwItFVjmxtIs3V7bXFFIIFqTCM="
            }
          },
          "bkAhLmyrr+2tJslVxMyK1NxlV+CWumunJNNgGXOAyy4=": {
            "valueMac": {
              "type": "Buffer",
              "data": "ZqLjitnCBX1GF+jxOShA3k2n2VnNZLeeTepx7gppUd4="
            }
          },
          "dCvLdGFf7vq88LHA+X8m1pqgA4ZleAkgZHPg89hd6yw=": {
            "valueMac": {
              "type": "Buffer",
              "data": "tqLYnpskmSdO0FwVE/dyDn1971LAxBIY8e085bgQBWQ="
            }
          },
          "NMOCQi1UDSS/ZY0iGNui+eUgB1r31XfchkpeZtAC0PY=": {
            "valueMac": {
              "type": "Buffer",
              "data": "bTLBQOW9MF+X8Wiv3sOzUvWpAzpjij+yeRASXrkJCFI="
            }
          },
          "e+db14gq/UFBlgkSz7cgYVP2wtKd/fSHvm7f7kQntRk=": {
            "valueMac": {
              "type": "Buffer",
              "data": "vPEpZfMmZDZe3YPa9f0f9YbtkCiaxMo34At5Y3ifgks="
            }
          },
          "axpqor6z2EoM/prUFnBYp6qykglUO/CNamuHWvkmRQE=": {
            "valueMac": {
              "type": "Buffer",
              "data": "FdlROq2L4mVfetcBeLeqxk7gbaKr2VauhY/xNOzdA94="
            }
          },
          "SOS+o5+93e1I2wngpzG/7guEsnHZu1FKDZPnUI8clfk=": {
            "valueMac": {
              "type": "Buffer",
              "data": "VlKOGPNj9w+82II5W1/KpVHw4ahsCNuQDRrVhJB93mE="
            }
          },
          "NNIWZCP+S6Wkmo9fYzCBpmFDM2SbJSOuYoIemWYwATo=": {
            "valueMac": {
              "type": "Buffer",
              "data": "z7EOVW3M2UpqvDd1XNZZQAli4uXN3t0551GOgske1as="
            }
          },
          "VWp7/tgVNS2xE/C5DPut7QSFNg6kT7Okbiiyu8J3Zk8=": {
            "valueMac": {
              "type": "Buffer",
              "data": "Zy1HqWJFVuR121gNXLF7Jmn07JR2L+nVF1FAWua2C9k="
            }
          },
          "zTMSaX5uhyJLA39HM8CQxFzPfgKiqjfnwCv0IxdkMNA=": {
            "valueMac": {
              "type": "Buffer",
              "data": "YrTcJb/YUBzwESq/YFUGSc+I1s2QDlA14+pWlwNiu6g="
            }
          },
          "KUAXQFKQquZLZ2srSoUCdAOSaJ72DTct/yWY4iQ6SiI=": {
            "valueMac": {
              "type": "Buffer",
              "data": "liPsPk8GI2VWe0v1D3nls3kMqat8f5lTpt2VGY0+fOU="
            }
          },
          "9xWNoBU7mwrcwT+6ocUgVMom4QqF6pXIlcw68YqkcbI=": {
            "valueMac": {
              "type": "Buffer",
              "data": "G6KkOUo+RygvT37ihOOxaJRLxnhPq0pfmq3+g/zKGzs="
            }
          },
          "EGhapcsPMFdpfFS2qmCm6M/Q0b2FXmYXxlBD/vXPb2I=": {
            "valueMac": {
              "type": "Buffer",
              "data": "HXVPUdtlqxhcpZZ81GVL15TB1uIa1t6o9C4Te0MbQzQ="
            }
          },
          "/bs2GqQLNqfxkFqz2bB2XpnTKGGTVISs8Xb6Sjw7E6E=": {
            "valueMac": {
              "type": "Buffer",
              "data": "zXZVZKGVVAgPhMqhizZ7QrDHRa+kjBFDsgaIpY4+oTE="
            }
          },
          "zQ3mUVuj0wdkLnMchBcTB0CUVOhxhpEwWyRueCE0YQI=": {
            "valueMac": {
              "type": "Buffer",
              "data": "HIpP4YOHndtKfask0fmP/PoMjaWj4WCLCmH21d+dVQo="
            }
          },
          "Ss8o5H5EPDsJS/HHT2azBDwzJe6c1RU1jWQUIl7CAys=": {
            "valueMac": {
              "type": "Buffer",
              "data": "EGql2Lr1ku2KK4H7mH7ZjWVz7r+VvlpLG4XANhxdBDw="
            }
          },
          "N2lw5xW6zyx4rM1w6quv+MOF069fRVBN3vUxZbNn23s=": {
            "valueMac": {
              "type": "Buffer",
              "data": "RHRwS3dtTgSIrwbdwghemgZpgenbYyq4fLcV5TcZaWQ="
            }
          },
          "GRRHtT/YDjSOwsTm71Dn0h85xzXUIYFc+Y08s0jLNQo=": {
            "valueMac": {
              "type": "Buffer",
              "data": "nbC9m1tLZJi8vuV8rE9VfGULUmOl2WDbQg+JjcGrgk4="
            }
          },
          "AoaKFjwYjcPN3MPXd28LOM8s4nunkgoVMEPWBHFuJEs=": {
            "valueMac": {
              "type": "Buffer",
              "data": "ilejwjNrxTvnBm6SWVFwp2gusSJiVW4W78kmwZ/65Uo="
            }
          },
          "b2ldrgMeCN26u8nSHLIHn/47U4SAzh5KsOewvueCXuQ=": {
            "valueMac": {
              "type": "Buffer",
              "data": "izilf9Ui4hbUGhjDXTT61mh/7pJK6GGdeDpglg61dpg="
            }
          },
          "6g95VEvmvRMBAk7HyeM4NBB9AswPxalkPCdq9swGhR8=": {
            "valueMac": {
              "type": "Buffer",
              "data": "t+A26/ZKtU5TxLqKgQIxyK1+jh9Z1CMzvhbc7vs5Gmk="
            }
          },
          "RzcCqLNUCLJUwltFbTpDsxcS8sAoBKyrV4Br9STTiA4=": {
            "valueMac": {
              "type": "Buffer",
              "data": "7X92ah8t/+n2gGGcBJqfdCig6A4nsQEI62nxOaqtEH0="
            }
          },
          "ZCGdvCyQGih++gptQd0LmoM6bAxAnr6DYlkYtpa0Ec8=": {
            "valueMac": {
              "type": "Buffer",
              "data": "8r5BFOuXl5tvxa5br9AUE44k2JSvXPsQhmqL4USeSVg="
            }
          },
          "kntBiVSruPDM8Iyp+kivnIje4coccDz5qpu1gOg90Io=": {
            "valueMac": {
              "type": "Buffer",
              "data": "AefQHSnIKdvQSuH+1+fBBSGf2Y2HlRvW6W9LwguW0SA="
            }
          },
          "HelUZwFrkz4Ga2Z8Hr7ulJOJsmy8G9u28LL6fwgBMdE=": {
            "valueMac": {
              "type": "Buffer",
              "data": "IHno9ZnxJbWfJUyMzn9OVQ+kZlxsLXWDiXRu9OAAPvo="
            }
          },
          "4K+El1F3fRerlVxcmZcN8YQWdHHYXztSahsuRrbqpN4=": {
            "valueMac": {
              "type": "Buffer",
              "data": "5UzPccTN40SEUV+lvXhV9HmeIN6wLOm05InvkFYdgus="
            }
          },
          "kK1Ti9b5hMIgfPKhHn4izI5y9mJExOGbuKkI7ihhTXI=": {
            "valueMac": {
              "type": "Buffer",
              "data": "puBLPUZwh5gLbFLXiCTu36vgESEYv4gHMqMBw+UwpGo="
            }
          },
          "9xNidlACOoKT5jbjqrvec3q5HzGWGLpec3paM3zqGfs=": {
            "valueMac": {
              "type": "Buffer",
              "data": "K1VKg2/dtOowpKlW8lN9j0aK5S+KhrwSlXNP0b6ZH5Y="
            }
          },
          "51rwpucU8l/tTn7o4GVLkh5v3HoyhbIthfxz1hln7aU=": {
            "valueMac": {
              "type": "Buffer",
              "data": "LQiMOKXkjua8HqzbvdtMFXShTmHRgtRnhMJ3GzKfNdE="
            }
          },
          "w5uif7JNRP31UlJ0ZL2WQgU4WnQZ+MUHtYoKNQjVriQ=": {
            "valueMac": {
              "type": "Buffer",
              "data": "r/eS2JNKajEN/ydXHOVFB2utpkhiC3rySlsQhNlpMsU="
            }
          },
          "PSUsAnTvlbR+lWMTIdC1B4BQt79FPwOCmy+K9WiGgJ8=": {
            "valueMac": {
              "type": "Buffer",
              "data": "6IjvTRcXw0FUEPbMCO3SRt+B2LnhCvhUm2w/841eGdI="
            }
          },
          "ERpcQ1nZlhVW+/Wzmt8EZH0rD+V7noBycgMnGKjwGq8=": {
            "valueMac": {
              "type": "Buffer",
              "data": "qdkAgXFyHzQrkiz55MIR9vuYJ3IaV/8ZqLzrBSmysEs="
            }
          },
          "V3dJ2OfsqJpsHyUmPAHhcwpAwrZaXjOxStXDKjlLPn4=": {
            "valueMac": {
              "type": "Buffer",
              "data": "AX5kCJX7YU+ztk/9Oan2mJLITE2zoE/Gc4doyolkYV0="
            }
          },
          "yfInHY5+Be++n2LiHQB2njnDwqY+m7Z51F1xuz8Hyyc=": {
            "valueMac": {
              "type": "Buffer",
              "data": "rCPgoBFPnxn0QI+y53zkCiaO33EGAkNDYQLQo4FqrKk="
            }
          },
          "c9riwR4sz896iCcIL1p6XWT4HhGsHmKNw2yPP+bjMIc=": {
            "valueMac": {
              "type": "Buffer",
              "data": "REZYfXilgRvPx6IdpHM+FFBEfC83xeh/hv04ozIgrCU="
            }
          },
          "N3z2nJK3zulvDOL5UPfV9b3Sdb6/Uhdk/QGVlujnsRY=": {
            "valueMac": {
              "type": "Buffer",
              "data": "JAeAmbW2ARpj0clxyCBK9VMv/8jVfF5n1gda9JJBU6s="
            }
          },
          "BjAOtrQV2o6Oyc6ar0SITiSVUlyB6YVkOsjG/B62f/Q=": {
            "valueMac": {
              "type": "Buffer",
              "data": "aoUEOXRYQY53Dvgb69gpYQ6dANSn5fwLE+0p9EOE4kY="
            }
          },
          "noOnUAd3zqlI+UPiIEPChvm4lW7DSISLB9f48HlK/dM=": {
            "valueMac": {
              "type": "Buffer",
              "data": "7KctTxMantD/3rh/KlTR7ox7WVzDAJgBy2BL8sCFR/o="
            }
          },
          "HkhDpGATIauNMbWfnlP7iJM8nfYHOATYUQJK9PcZixk=": {
            "valueMac": {
              "type": "Buffer",
              "data": "b1tsIod+k0xh70d2uZ5RAhzvH+wbfX7qi3kMfJC1Ir4="
            }
          },
          "lC7kM2VSBSwP0UYkciXEJeK+u9LjZKdYq8vXoDYEI7Q=": {
            "valueMac": {
              "type": "Buffer",
              "data": "98yY1ZL+9/ws8ftQwZlDSSGfVyJaq58WO9cHVbAoFpY="
            }
          },
          "bEwAyJaVqjwGyyE9EaXetr6w0D3i1iGc5hkSmdOFZMI=": {
            "valueMac": {
              "type": "Buffer",
              "data": "kkG2JXctEPDbJdG5v7mOonQSipyVK9Tv+FBWbEP3EOc="
            }
          },
          "wAfOpUW0i3X99KJGVhUBfoAmtv7k+V7JSLDyfCUlVts=": {
            "valueMac": {
              "type": "Buffer",
              "data": "ZRtPbLRTmhJz2wA+ft//24hwFgip1bvVby8QDb/VcIw="
            }
          },
          "rDg0wK8Gm7c19AF/AIPFUbJ6my5sBLAIyI93smORejc=": {
            "valueMac": {
              "type": "Buffer",
              "data": "QK7oLkAbNHfX4e7xeEjOkdQJXb6AIAfOGD1fOfMhAK8="
            }
          },
          "bkuNasEc9ugZQ8WFqlTyY34vyFZdy5X8lShw65Ze+FQ=": {
            "valueMac": {
              "type": "Buffer",
              "data": "kmpz6fGlQx1oMGqaWNGlsKj9qMUOZzoQ+nmGqRR2frw="
            }
          },
          "EcthBqSfti1vOBqYey8KUM3LCFRYDYbHOszIEBdtaK0=": {
            "valueMac": {
              "type": "Buffer",
              "data": "I2ePNZG5RWG/CcFfSpsOc8gZzPiRDszylUcrpmd2lgM="
            }
          },
          "5/1EbcWc5kaLOLGRiv3b82MYunW299m7NiZgt1f0+Io=": {
            "valueMac": {
              "type": "Buffer",
              "data": "PldFkyzDZf8o4/BANjPzLs/679wBOxhRANgdJfvWz44="
            }
          },
          "dgQ+Ojz3/VsM+/Mtrt9ISioSG9gOncfZzd+1yuwdgD0=": {
            "valueMac": {
              "type": "Buffer",
              "data": "OV5zxC3VAOVPSGO+IoTCx51ydPrO7d5+uEmO4gZI4qc="
            }
          },
          "JZiGpGOTjFr99n/813OguowR1KC3UGOaUzdT3KLZ95g=": {
            "valueMac": {
              "type": "Buffer",
              "data": "8OZxnmyeZY6WRQo4Ld3sFZggcorRJ+8cC9AVr48Udko="
            }
          },
          "qDmj92jq5dASdarA9VEBoadPo6Gh7oQVIkQlnE4DD6U=": {
            "valueMac": {
              "type": "Buffer",
              "data": "kuM1SgysRemYWZVQtl1VPBFfBUbGhE8lmdN5QtNJIvk="
            }
          },
          "KPRzPrScF0yYjsST34Z3nyjS5vP6oLu27ga0nUa5lUc=": {
            "valueMac": {
              "type": "Buffer",
              "data": "n7WMH8IAEwzzZ0V9NsaqbRtFPuJBKNS6MuRqvhOszVk="
            }
          },
          "G1rmnq1wcTGbQIrAyIzE9t3uBKiLAQNqibpn4y5co+M=": {
            "valueMac": {
              "type": "Buffer",
              "data": "78pNZ4kKFCBm+NJU0K5HR36m3ZnqkhFcIq3DN5P3fo0="
            }
          },
          "r4TA0JWBtnDVyMCFUra3ekWsQQL3xfKMVhp6baVTY0k=": {
            "valueMac": {
              "type": "Buffer",
              "data": "RnWZ7hh8vGlvxZUzsSEdzyp7vAflfh6BjcefKiY4NSI="
            }
          },
          "T90SpSZS6QSj5dvCbN5v5zR7MJuVaI5fxrJ2ujnuGoc=": {
            "valueMac": {
              "type": "Buffer",
              "data": "RovuZpbyfwbCrxanTLbHGxElLqwe1cVzEqjFDEdk3LE="
            }
          },
          "GDlB3IIv5OoiJg4rIhfGE4hJlgQLlWvWNc7yiqr9DPI=": {
            "valueMac": {
              "type": "Buffer",
              "data": "yL4A+K48S3+vuQ0GIr5HmC6q/KvSYhR1yUFIUxG9NVE="
            }
          },
          "Dk2VnHUJvhWs5O10oT6gQPiVY/Oo6Tfu/3/m6BHFtaA=": {
            "valueMac": {
              "type": "Buffer",
              "data": "vWTEIWU/BNPcyStws8wNrnTEQEd68WwuhdJ9WtBTTDw="
            }
          },
          "EOs0S/W9j08Qh4smHe/zLlRygyDWAeFsQEWaQGAqpSE=": {
            "valueMac": {
              "type": "Buffer",
              "data": "S+m0pxvon6CFlyXNL2me3Dj+n4pUk80Z/oLH5Qz5s0s="
            }
          },
          "f+HgKt9YWxbKU6eyW77565PTRGaXjsYvUlrIuvLk4VM=": {
            "valueMac": {
              "type": "Buffer",
              "data": "gFAoL0UyAEyaih9BtR21Z2+lCJqmdpOa7Tvy2vgCNu0="
            }
          },
          "5Zn+Mr9TudZvCbGyncp6Ha0jO+1RUz9VCrpvAHd4O5U=": {
            "valueMac": {
              "type": "Buffer",
              "data": "LNyASgA8yVzmdnGWQ+6v7nn4pBriuXCdcxuEibiwmyo="
            }
          },
          "sH3uhlN+GqrDrytcdBtHdREYsuETpV5JsZPuzoFD6Jw=": {
            "valueMac": {
              "type": "Buffer",
              "data": "V2fEEHDjnTWnFrG0Q7DT4NBnD6viL6RhmGgJ36sJd+0="
            }
          },
          "sgNGtVkT765Ut4cetr4/Pd4hZ3sN/8SWWulp2CvbL6Y=": {
            "valueMac": {
              "type": "Buffer",
              "data": "RHIYorzC6boSeRnkcImewDnr691GTj8KySfuGLStPgY="
            }
          },
          "EdI64oRKS5yoJaUtGbsOiiZsd+j15Lm7iUP31iZ1Xck=": {
            "valueMac": {
              "type": "Buffer",
              "data": "2bYd9tIulXRWiePsZcCzDrWDMKuTBpWkeXkQ9tz0ea0="
            }
          },
          "zbXZKQ0HHW44q1B8K1uQXHCLO7XNmgL/0Dnze42u3xg=": {
            "valueMac": {
              "type": "Buffer",
              "data": "cApzZf+lU51QucNNZ9V5l1uOuXZxmcwxyBrdUudXQLM="
            }
          },
          "cXP1/TkUfOstmxSatz3aePTEP5uBG1vAAWTZP1VWVKs=": {
            "valueMac": {
              "type": "Buffer",
              "data": "wq8xgxA7rM3faXdy/bphY5esBhdUyXRHyYpSQXFMZxQ="
            }
          },
          "oDDeC8P9dlxcNj7Q+IfcZkpMe36s75I5I4jwH9hZz4U=": {
            "valueMac": {
              "type": "Buffer",
              "data": "DWYg1sWmsVH++XQRPgqQXi1lSsXcpZ6Fj85q7JZbAyU="
            }
          },
          "QGTBV++94tuDCciBCVuzwYtnVux55Pz6rt6xLoT19C8=": {
            "valueMac": {
              "type": "Buffer",
              "data": "IPbOaAGis925LU8u847kIkZEDKK9NelRcQBn7y4elo0="
            }
          },
          "putqN/XYJYhYPdcf/Ypmcmr6rsRkHe/matpGD9h9YcQ=": {
            "valueMac": {
              "type": "Buffer",
              "data": "gIUXsCriATzXZTfXzdpPgTBIDPIQR7JxfA11nJqxi+k="
            }
          },
          "0L8AfW+B3ZhdiLEFLKr4Qda9OfX6tb95MLvpUzGfHrQ=": {
            "valueMac": {
              "type": "Buffer",
              "data": "AKYMm01cQ3kVO1l2ymvphLGFKca1xlr5Wk8crEB28oI="
            }
          },
          "j6n0Fpka2BAsI79rpOu+FZjoY/51+wvlPHgEJ1WcPg8=": {
            "valueMac": {
              "type": "Buffer",
              "data": "RTvh9TVQYvqwuUqqatDBicQBA9NOa75APUqXl5o4QKk="
            }
          },
          "hP/rGmAK7BWTlN+GsFP7BdXXzmNchGs4hhdWnqPCRMs=": {
            "valueMac": {
              "type": "Buffer",
              "data": "g7FpqQko4h+yyBr+NwOWbWeqGuClxmvwAnyaHUjl7kc="
            }
          },
          "TUy5COtI7IZuRGxZjMJlLQXMr4l7xOLGFYGKLh2E+xo=": {
            "valueMac": {
              "type": "Buffer",
              "data": "nc8Y3j0ypNnYMOv31J4C81xKd12WNjGxFL0axLAqanA="
            }
          },
          "x26Vm9rARt8AjPgg4/IY7s+iw9X5sSJqO6zxkHxKJ2U=": {
            "valueMac": {
              "type": "Buffer",
              "data": "pdpFFGN7CVa5BNcAFywQ+VIiG9tTu/eI4fQccsAIF14="
            }
          },
          "3kyJ1nv3S5MYfD5+BrPqny82KWwakrbnTmEFuZlPlSQ=": {
            "valueMac": {
              "type": "Buffer",
              "data": "oy2v7IoKUDap5W0PqtUB//Z7aEzcOBn6zn2pZmK+4bo="
            }
          },
          "B7IzgAVbTixJ3AOLHlFEkCZhqcZLmksY3P5DraQSAaI=": {
            "valueMac": {
              "type": "Buffer",
              "data": "ODPDZ0C9bPbPJ/WS1WfzjIrwhA1InPkG8blWVK3BsTM="
            }
          },
          "A7YPXB8C/vGXYAh0EQ1ZshGB9iRdeBM3H/3w+nm6zf4=": {
            "valueMac": {
              "type": "Buffer",
              "data": "TJ5Ta3JgwgXS2gtXSz9RlN6SbSYVbL2QS2AaGVHLRYw="
            }
          },
          "MzRHwNGDKI4tISN8iOx3K0+bcmtGOU9zghGribzxcVk=": {
            "valueMac": {
              "type": "Buffer",
              "data": "S6hCVeTjLcXS3aC843oHHhx+dem84AqyIeoclYWnJnY="
            }
          },
          "i7FYEV7nliVamr1kH1ujPL7H8MWjGuaz0z3ULuXYrfY=": {
            "valueMac": {
              "type": "Buffer",
              "data": "U0pz8AZXGFDcdpXgD3tmJm6NLKX4vy6pOsOtVptvKZg="
            }
          },
          "201T1KAlo7sVl2LE3DsvllDc1PYHzQq7NJCUVcIpTE4=": {
            "valueMac": {
              "type": "Buffer",
              "data": "1OoHqI+UzFswMNvZmiJMYDAYaV+yT//yYdUUZuolwFk="
            }
          },
          "ur+hElCAF1cl6lREiXrZaiuTUSiH5vmWj6nCMoAmalY=": {
            "valueMac": {
              "type": "Buffer",
              "data": "7W6lVxKclE7qLas7NxJBRVXuVCBdZIIME5q7ftNMiDU="
            }
          },
          "hSCO/Bgn4ErfSygItNtDuXVkfkf90aUGSfD5Z4yn8x4=": {
            "valueMac": {
              "type": "Buffer",
              "data": "O99VeS2YFOXE+DX26sNXRVUiDyRUFkUymnL4oNWwfEQ="
            }
          },
          "Xnm3WBpGIdymjPUYGeu1qIugw+BK4j7YlSvSzt2Q45c=": {
            "valueMac": {
              "type": "Buffer",
              "data": "Rtq8fZV9OINRvkN1D3uwYWdB+GcPIAmfQ9vRRBGAmCA="
            }
          },
          "/0qqqqKQdcZRj1FJJjaH9ZdRU4E34roek1lCkXwe3tU=": {
            "valueMac": {
              "type": "Buffer",
              "data": "5Ev5Ijk7W9c74a2e3IWwbS4RD38e4DvhDLuwGypvdqs="
            }
          },
          "IeK0nh3WqmgSwk2wc9tkerYCQi1gdrfZDAlp1SmBaWw=": {
            "valueMac": {
              "type": "Buffer",
              "data": "wfBwUEtz5a3aH5UrtQdajqKkCODead0KDJ+bCopQfCk="
            }
          },
          "rEyCAi9BgNzfkgyojKuwVQX7ERDFv/+jrQrhAc+ux20=": {
            "valueMac": {
              "type": "Buffer",
              "data": "P1BzD7HXStnqR8aNa4n7mUzzf1GaKLZloOy+DjuO7AU="
            }
          },
          "vNVf5e/akabTrY5Y+XgnMfUukA7gN2UBXRaGYtXd2Dc=": {
            "valueMac": {
              "type": "Buffer",
              "data": "SXacbcXIma6unYiNifGTAVNJbsVmwAYXEYb+PtItpLA="
            }
          },
          "hI4+J2Eriowmuj4eep67kp5K/cVioi/1CWOCmaSLh0Y=": {
            "valueMac": {
              "type": "Buffer",
              "data": "w0bsOdvX/7tvPig4mSVbhfIQfTnkjWYRpRQ8U9YFYyE="
            }
          },
          "CWDIYj497v7Wxo+Xy4u2D8e2Y9TTmz+8s4241YuPjiE=": {
            "valueMac": {
              "type": "Buffer",
              "data": "B5JwFprgD3rNiYcTMI/PMlBCfoxJzyMbH5d2y1IhTjM="
            }
          },
          "6xzqndg13btLNsB/CkRSy+6np8qSCqdYLRCuoxPT4W0=": {
            "valueMac": {
              "type": "Buffer",
              "data": "cuUkJIxKvSYBHHcq7mERT+mS1lZTy9BPrtqgu1TrUaA="
            }
          },
          "MxXpuQ/rljI+OrY6fXK9Jcb2ofBaJS2ddPEJ/GIj2s4=": {
            "valueMac": {
              "type": "Buffer",
              "data": "xCKG5bTDDAD9GGrZg5CclrpzT10j4umZE2P5VidJEyU="
            }
          },
          "/h5aiVS3tjUAcaSiayS40UUVOaSWu89+tQLHHWMpBs8=": {
            "valueMac": {
              "type": "Buffer",
              "data": "TNC6frJR09p2AYicanFg7bDDGWmuoN4b4igqqS8aFO8="
            }
          },
          "bP3tD67cBIltrRIbbtT0+VGqmF1uSRvhfECp/dATmA8=": {
            "valueMac": {
              "type": "Buffer",
              "data": "EDX5sH5py/X19FI7kgfA9Z6JswM3z1ngmxM7QdYOVGE="
            }
          },
          "l5udennywADqKFXHm4Z0vOIJP2eDQYhNIR4WQh1yqvo=": {
            "valueMac": {
              "type": "Buffer",
              "data": "dWjH57iY50MGPhHWmE68e64iyIZ+5IdS3XSe626/TXk="
            }
          },
          "eL2Aaq9sP9eB4NmR8GVo3vYwUDeLxaQcy+m1V17DVX4=": {
            "valueMac": {
              "type": "Buffer",
              "data": "cE2hed1JUFubdodu9YSSznXcxt1JQU7VmBa10hspfd8="
            }
          },
          "jyBpGySOq7lltEPMk1nZWTWo9BwlG/NjM6Qh0c01DfU=": {
            "valueMac": {
              "type": "Buffer",
              "data": "x3YGRL4DHOZRFK00CN+TJhCqA+tw1YvsB+o7B806IlI="
            }
          },
          "Z/w/Vmq+F7bg6eAP/i+GrPIfJOxT4o3RJMuDF2RxTwQ=": {
            "valueMac": {
              "type": "Buffer",
              "data": "MXZTp7/mmnKhR0bUcNxHHyv/lHV+CvivHPQzdldLnCM="
            }
          },
          "Guw69RWdj61UTTZGWp0/W/M8dbUmIcNLmzGvtY+yCuk=": {
            "valueMac": {
              "type": "Buffer",
              "data": "0VTB9A0diKI6/xd2WtfRqMSfthBuoHcSOSursQpyZUw="
            }
          },
          "1h3HmSRd4yY5wDBi8qVTVLWCGSTGQ2U7Vi6xMYnfRjY=": {
            "valueMac": {
              "type": "Buffer",
              "data": "6W8x2IUTKKuj1rYf74epF605VNiEipRWnSk3ZxtQAT4="
            }
          },
          "n55r1G9p4306co7m5Q/DGNLBD/3iUhKDgHG7sKdeZzM=": {
            "valueMac": {
              "type": "Buffer",
              "data": "dHUy04YcPll+QAvFY4YXWBAlSr1nDyBRPErPqiUjDlk="
            }
          },
          "K+plskH4a+A0UWQc1bRqRZfmWNXrQQ+2CcWA4l9aPdU=": {
            "valueMac": {
              "type": "Buffer",
              "data": "Wyd7Ll8rysESHdwBnkZ8n8SXnHroR7QvAgZVunSNeIo="
            }
          },
          "45DCMK5xAP2IB1NZuq9BhPUpC9xAVvfQTKC0RxcIcHw=": {
            "valueMac": {
              "type": "Buffer",
              "data": "T06MURVRMIgqO5Wxgbt9cQdWifINjNp4/e1FzTF4pGE="
            }
          },
          "QyLtxdtoPC8QEFx0GS3U4yTNlVFChzB0TbT9xuFrZtQ=": {
            "valueMac": {
              "type": "Buffer",
              "data": "bdn9xYfT3geqrUxz7xDbODeI10uSzo6MOvcBfaaRejo="
            }
          },
          "3uRGOg42/dGqh4ytzGWSjq6U6xkZFZQ0bGgWay6Za+Y=": {
            "valueMac": {
              "type": "Buffer",
              "data": "qtTQbJLgqfs4NzMYI3UBycseHz39b8GMwHpqLqNlNsM="
            }
          },
          "jZcU1cecodf2zWu93gX0kCnA+JyfaGRKAjeBe4/B4wg=": {
            "valueMac": {
              "type": "Buffer",
              "data": "pGgr3rDrMNZyxuVs7aK/X3Eg+2kaTgp7Q+wkiS4rp6g="
            }
          },
          "7NN27uWCH7YsEftQbPRwHFRHKqKYP4N+s+wAzsDHg6k=": {
            "valueMac": {
              "type": "Buffer",
              "data": "1Y0Qrjjr3XZjVJ3C7JhZ6kTpHAB843o0R+nIA3MuoL8="
            }
          },
          "KLcRhnd6IX4Niow6XueBAdEfxWfPAThZS5A2vb00G3M=": {
            "valueMac": {
              "type": "Buffer",
              "data": "Ojf7YgJTTMBo24AH1vUH9EOlxRCVR3AphP8WfRvkAXI="
            }
          },
          "nXnC+QteWjS/4TuE31C4HcMuLpeG9La6lSsz6dZUFoc=": {
            "valueMac": {
              "type": "Buffer",
              "data": "Bq5E1q9Mg4hLjbD1ihNhF9b9MQCuOG0Xi3b00WtmGsA="
            }
          },
          "aLhXYw0tmeYkH41Ryz9qqPxBicqSSJ0R9X7TApzsmPM=": {
            "valueMac": {
              "type": "Buffer",
              "data": "qWB/BBwYpfdjv7rhLaWKEM0ZRc57cz4BZAhtubwgUmA="
            }
          },
          "5pWa5XjGAalO4rXfqQiLXsVxgh7JrI8DgYE2S6kpgEs=": {
            "valueMac": {
              "type": "Buffer",
              "data": "WZb8RG22gq9VlPjZu8xFpAm6FackrTj6G5905RxUBWM="
            }
          },
          "lYPPYJw7sKrT5Lnw+4r3pmI53TjjTrVYhmiT20zGJpk=": {
            "valueMac": {
              "type": "Buffer",
              "data": "JaIU+H8su84ZuLb6fSH1Zmg2NPn73HIFP2Aeks6rbp4="
            }
          },
          "SdBkP6YbfzYpHDds+EX7soX5y71YrkN8ypKY09rWPdQ=": {
            "valueMac": {
              "type": "Buffer",
              "data": "UhtkkwBCfbzvT1xV53QVgPX3HN7WnniwamIm3yOfDBM="
            }
          }
        }
      },
      "regular_high": {
        "version": 1,
        "hash": {
          "type": "Buffer",
          "data": "4siIpEC6hdILoD1GHE8TiLy3eOqfEO7LxHPjoDdkyjh2Ui2yOsBl5OPMFhxlk4RczVVGiTinPDSDMzCKI06HV4Q4a8jpEGT62BEtcnAG2cKrheBrGE12rl9EoZo04uPANDMOwZvzdhxXHP0h+HgrplYOsYdfLk64pLiwf0eRVDE="
        },
        "indexValueMap": {
          "NeD4cYL361+pQDEr0Zwgds/wmg1DrbaCxu3onNrjqLg=": {
            "valueMac": {
              "type": "Buffer",
              "data": "EpJxZN7P+mS835avoH5q7CNS57GB2HqerpeO4hcJxWA="
            }
          },
          "XEwF0NcDk89o6fipNxKnZ5Ndp056Jz/WU3JNpzhL0Wo=": {
            "valueMac": {
              "type": "Buffer",
              "data": "uEhGXHKNTmzMfnKXisVAP4l4UZ78EiirbiKP5fTnttY="
            }
          }
        }
      },
      "regular_low": {
        "version": 1,
        "hash": {
          "type": "Buffer",
          "data": "S/sSemuoC4HNpM5e2xH3WJtYr362mGiIvdOCQeFqkZb0opykKeUDqELJe5bic53IF69gqD5yAaefOaTD753ZumaJT+FhXAE1nn7GZM4j1q/O+srIGXjejFSad/jhICQSoGvByyx1fUOziDYw8P1Qzv3pde8EOlwF0lmgVRR3Dx8="
        },
        "indexValueMap": {
          "OVKODJva3a2sntcHKu9T6+uOO9pOWYz+KfvH6MNElE0=": {
            "valueMac": {
              "type": "Buffer",
              "data": "z94alMXmhhY77ABu2O5ljHZRNouyQ7hzXnvaA8yPVM8="
            }
          },
          "84d9/LvxQjvulHsb2ttP2yRqughHw9XXpuWTMxUEAsE=": {
            "valueMac": {
              "type": "Buffer",
              "data": "FcUhtG+3E5ZxmtKpMCOEXjmAfusu0sJQmZxRItZtxTs="
            }
          }
        }
      }
    },
    "senderKeys": {
      "6287889347327-1628058504@g.us::6287889347327::0": [
        {
          "senderKeyId": 241812274,
          "senderChainKey": {
            "iteration": 39,
            "seed": "lcyoUgs94QYmQJDUaHGMfu3F/rCHtX5gI+vfGM7Je/g="
          },
          "senderSigningKey": {
            "public": "Be//uFNDTlrazV0QzXU5OUr9/ls0m/egCU+4c8fCGk01"
          },
          "senderMessageKeys": []
        }
      ],
      "6287889347327-1628058504@g.us::62858425054589:1::0": [
        {
          "senderKeyId": 217567032,
          "senderChainKey": {
            "iteration": 9,
            "seed": "5VVrFDuswkm2wSwU+e54iOIjiimKbgs3wWZngOGyvFQ="
          },
          "senderSigningKey": {
            "public": "Bbf/fd8H6dPe+llJTtXF9sVfIwc7/TyroDD5xtnyJjMF",
            "private": "eEckFZT2v5hyvByeZHH3CXpvPHjPpYocjf6BQOOcUV0="
          },
          "senderMessageKeys": []
        }
      ],
      "status@broadcast::6285797014041::0": [
        {
          "senderKeyId": 1278611744,
          "senderChainKey": {
            "iteration": 14,
            "seed": "opZ4PMRdoi73HIeJX2PJAarWbeMfoBoamvGOpMLFpH0="
          },
          "senderSigningKey": {
            "public": "BVYTw2qvLtzhjF4LdpRoPLhm9ehHWkWJUG70qQKwIF15"
          }
        }
      ]
    },
    "senderKeyMemory": {
      "6287889347327-1628058504@g.us": {
        "62895377304074@s.whatsapp.net": true,
        "62882008284492@s.whatsapp.net": true,
        "6287889347327@s.whatsapp.net": true,
        "62858425054589@s.whatsapp.net": true,
        "6283844592555@s.whatsapp.net": true,
        "15078091224@s.whatsapp.net": true,
        "15078091224:1@s.whatsapp.net": true
      }
    }
  }
}